Region name,MSOA code,MSOA name
East of England,E02003238,Werrington
East of England,E02003239,Newborough & Peakirk
East of England,E02003240,"Barnack, Wittering & Wansford"
East of England,E02003241,Eye & Thorney
East of England,E02003242,Walton
East of England,E02003243,Paston
East of England,E02003244,Dogsthorpe
East of England,E02003245,North Bretton & Westwood
East of England,E02003246,Millfield & Bourges Boulevard
East of England,E02003247,Bretton Park
East of England,E02003248,Central Park
East of England,E02003249,Fengate & Parnwell
East of England,E02003250,Peterborough Central
East of England,E02003251,Longthorpe & Netherton
East of England,E02003252,West Town & Woodston
East of England,E02003253,Fletton
East of England,E02003254,Orton West & Castor
East of England,E02003255,Stanground
East of England,E02003257,Orton Malborne & Goldhay
East of England,E02006877,Hargate & Orton Longueville
East of England,E02006878,Hampton Vale
East of England,E02003258,Bramingham
East of England,E02003259,Sundon Park
East of England,E02003260,Marsh Farm
East of England,E02003261,Warden Hill
East of England,E02003262,Leagrave
East of England,E02003263,Limbury
East of England,E02003264,Barnfield
East of England,E02003265,Stopsley North
East of England,E02003266,Lewsey North
East of England,E02003267,Montrose Avenue
East of England,E02003268,Challney
East of England,E02003269,Stopsley South & Round Green
East of England,E02003270,Lewsey South
East of England,E02003271,Wigmore & Airport
East of England,E02003272,Kingsway
East of England,E02003273,St Anns Hill
East of England,E02003274,Bury Park
East of England,E02003275,Central Luton & Park Town
East of England,E02003276,Dallow Road
East of England,E02003277,Farley Hill & Stockwood Park
East of England,E02003278,New Town
East of England,E02003279,Eastwood Park
East of England,E02003280,Eastwood
East of England,E02003281,Belfairs
East of England,E02003282,Prittlewell
East of England,E02003283,Blenheim Park
East of England,E02003284,St Lukes
East of England,E02003285,Westborough
East of England,E02003286,West Leigh
East of England,E02003287,Southchurch
East of England,E02003288,Victoria
East of England,E02003289,Leigh
East of England,E02003290,Chalkwell
East of England,E02003291,Shoeburyness
East of England,E02003292,Kursaal
East of England,E02003293,Southend Central
East of England,E02003294,Thorpe Bay
East of England,E02003295,West Shoebury
East of England,E02003296,Corringham North & London Gateway
East of England,E02003297,Corringham South
East of England,E02003298,Stanford East
East of England,E02003299,"Orsett, Bulphan & Hordon-on-the-Hill"
East of England,E02003300,Stanford West
East of England,E02003301,North Ockendon
East of England,E02003302,South Ockendon
East of England,E02003303,Aveley
East of England,E02003304,Stifford Clays
East of England,E02003305,Little Thurrock North
East of England,E02003307,Chadwell St Mary
East of England,E02003308,East Tilbury
East of England,E02003309,Little Thurrock South
East of England,E02003310,"Purfleet, South Stifford & Lakeside"
East of England,E02003311,Grays Chafford Gorges & Orsett Road
East of England,E02003312,Grays Town
East of England,E02003313,Tilbury
East of England,E02006859,South Chafford
East of England,E02006926,Chafford & North Stifford
East of England,E02003616,Riseley & Sharnbrook
East of England,E02003617,"Harrold, Chellington & Turvey"
East of England,E02003618,"Clapham, Oakley & Thurleigh"
East of England,E02003619,"Wyboston, Great Barford & Cople"
East of England,E02003620,Brickhill
East of England,E02003621,Putnoe
East of England,E02003622,Goldington
East of England,E02003623,Bromham & Biddenham
East of England,E02003624,De Parys
East of England,E02003625,Harpur
East of England,E02003626,Newnham
East of England,E02003627,Castle & Kingsway
East of England,E02003628,Queens Park
East of England,E02003629,Kingsbrook
East of England,E02003630,Cauldwell
East of England,E02003631,Kempston North
East of England,E02003632,Kempston Central & East
East of England,E02003633,Kempston West & South
East of England,E02003634,"Elstow, Shortstown & Wixams"
East of England,E02003635,Wootton & Stewartby
East of England,E02003599,Sandy North
East of England,E02003600,Sandy South
East of England,E02003601,Potton
East of England,E02003602,"Blunham, Caldecote & Broom"
East of England,E02003603,Biggleswade West
East of England,E02003604,Biggleswade East
East of England,E02003605,Cranfield & Aspley Guise
East of England,E02003606,Houghton Conquest & Clophill
East of England,E02003607,"Marston Moretaine, Lidlington & Woburn"
East of England,E02003608,Arlesey & Henlow
East of England,E02003609,Shefford & Shillington
East of England,E02003610,Ampthill & Millbrook
East of England,E02003611,"Clifton, Meppershall & Stondon"
East of England,E02003612,Stotfold
East of England,E02003613,Flitwick East
East of England,E02003614,Flitwick West
East of England,E02003615,"Westoning, Harlington & Silsoe"
East of England,E02003636,Barton-le-Clay & Upper Sundon
East of England,E02003637,"Toddington, Heath & Reach"
East of England,E02003638,Leighton Buzzard North & East
East of England,E02003639,Leighton Buzzard Central
East of England,E02003640,Linslade East
East of England,E02003641,Linslade West
East of England,E02003642,Houghton Regis North
East of England,E02003643,Leighton Buzzard South East
East of England,E02003644,Houghton Regis South
East of England,E02003645,Dunstable East
East of England,E02003646,Dunstable West
East of England,E02003647,Dunstable Central
East of England,E02003648,Dunstable Manshead
East of England,E02003649,Dunstable South
East of England,E02003650,"Eaton Bray, Whipsnade & Holywell"
East of England,E02003651,Caddington & Slip End
East of England,E02003719,Kings Hedges
East of England,E02003720,Arbury
East of England,E02003721,East Chesterton
East of England,E02003722,West Chesterton
East of England,E02003723,Eddington & Castle
East of England,E02003724,East Barnwell & Abbey
East of England,E02003725,Central & West Cambridge
East of England,E02003726,Petersfield
East of England,E02003727,Romsey
East of England,E02003728,Coleridge
East of England,E02003729,Cherry Hinton
East of England,E02003730,Trumpington
East of England,E02003731,Addenbrooke's & Queen Edith's
East of England,E02003732,Littleport
East of England,E02003733,Little Downham & Sutton
East of England,E02003734,North Ely
East of England,E02003735,South Ely
East of England,E02003736,"Haddenham, Stretham & Witchford"
East of England,E02003737,Soham
East of England,E02003738,"Isleham, Fordham & Chippenham"
East of England,E02003739,Burwell
East of England,E02003740,Swaffham & Bottisham
East of England,E02006825,Dullingham & Cheveley
East of England,E02003742,"Leverington, Gorefield & Tydd St Giles"
East of England,E02003743,Wisbech North
East of England,E02003744,Wisbech South & Peckover
East of England,E02003745,"Wisbech St Mary, Waldersea & Christchurch"
East of England,E02003746,March North
East of England,E02003747,Whittlesey
East of England,E02003748,March East
East of England,E02003749,"Coates, Benwick & Pondersbridge"
East of England,E02003750,March West
East of England,E02003751,"Doddington, Wimblington & Manea"
East of England,E02003752,Chatteris
East of England,E02003753,Yaxley & Farcet
East of England,E02003754,"Stilton, Elton & Folksworth"
East of England,E02003755,Ramsey
East of England,E02003756,Sawtry & Gidding
East of England,E02003757,Warboys & Bury
East of England,E02003758,"Somersham, Riptons & Raveleys"
East of England,E02003759,"Bluntisham, Earith & Needingworth"
East of England,E02003760,Huntingdon Sapley & Oxmoor
East of England,E02003761,Huntingdon Hartford
East of England,E02003762,"Brampton, the Stukeleys and the Alconburys"
East of England,E02003763,St Ives North
East of England,E02003764,Huntingdon Central & West
East of England,E02003765,St Ives South
East of England,E02003766,Godmanchester
East of England,E02003767,"Kimbolton, Great Staughton & Molesworth"
East of England,E02003768,"Houghton, Hemingford & Fenstanton"
East of England,E02003769,Buckden & Perry
East of England,E02003770,"Little Paxton, Love's Farm & Great Gransden"
East of England,E02003771,St Neots Priory Park
East of England,E02003772,St Neots Eaton Ford
East of England,E02003773,St Neots Eynesbury
East of England,E02003774,St Neots Eaton Socon
East of England,E02003775,Willingham & Over
East of England,E02003776,Cottenham
East of England,E02003777,"Longstanton, Swavesey & Oakington"
East of England,E02003778,Waterbeach and Landbeach
East of England,E02003779,Bar Hill & Boxworth
East of England,E02003780,"HIston, Impington & Orchard Park"
East of England,E02003781,"Milton, Fen Ditton & Quy"
East of England,E02003783,Girton & Barton
East of England,E02003784,Hardwick & Highfields
East of England,E02003785,Fulbourn & Teversham
East of England,E02003786,Great Shelford & Stapleford
East of England,E02003787,"Barrington, Orwell & Gamlingay"
East of England,E02003788,"Little Shelford , Foxton & Haslingfield"
East of England,E02003789,Sawston
East of England,E02003790,Linton & Balsham
East of England,E02003791,"Duxford, Whittlesford & the Abingtons"
East of England,E02003792,"Meldreth, Melbourn & Great Chishill"
East of England,E02003793,Bassingbourn & the Mordens
East of England,E02006873,Cambourne
East of England,E02006874,"Papworth, Caxton & Fen Drayton"
East of England,E02004424,Billericay North East
East of England,E02004425,Billericay Queen's Park
East of England,E02004426,Billericay Central & Sunnymede
East of England,E02004427,Billericay Tye Common
East of England,E02004428,Wickford North East
East of England,E02004429,Wickford West
East of England,E02004430,Wickford Shotgate
East of England,E02004431,Wickford South
East of England,E02004432,Bursteads
East of England,E02004433,Steeple View & Noak Bridge
East of England,E02004434,Felmore & Bowers Gifford
East of England,E02004435,Whitmore Way & Fremnells
East of England,E02004436,Chalvedon
East of England,E02004437,Laindon West & Southfields
East of England,E02004438,Basildon Central & Pipps Hill
East of England,E02004439,Laindon Central
East of England,E02004440,Laindon East & Lee Chapel North
East of England,E02004441,Eversley
East of England,E02004442,Barstable
East of England,E02004443,Lee Chapel South & Kingswood
East of England,E02004444,Langdon Hills
East of England,E02004445,Vange & Pitsea
East of England,E02004446,Steeple Bumpstead & Great Yeldham
East of England,E02004447,"Bures Hamlet, Maplestead & Belchamp"
East of England,E02004448,"Hedingham, Gosfield & Greenstead Green"
East of England,E02004449,Halstead Central & West
East of England,E02004450,"Panfield, Finchingfield & Bardfield"
East of England,E02004451,Halstead East & Colnes
East of England,E02004452,Bocking Churchstreet & Blackwater
East of England,E02004453,Bocking
East of England,E02004454,Central Braintree
East of England,E02004455,Braintree West & Rayne
East of England,E02004456,Braintree South
East of England,E02004457,Silver End & Stisted
East of England,E02004458,Great Notley & Black Notley
East of England,E02004459,Coggeshall & Kelvedon
East of England,E02004460,North Witham
East of England,E02004461,West Witham
East of England,E02004462,Witham Town
East of England,E02004463,"Witham South, Hatfield Peverel & White Notley"
East of England,E02004464,Kelvedon Hatch & Doddinghurst
East of England,E02004465,Ingatestone & Mountnessing
East of England,E02004466,Hutton
East of England,E02004467,Brentwood North
East of England,E02004468,Shenfield & Hutton Mount
East of England,E02004469,Brook Street & Pilgrim's Hatch
East of England,E02004470,Brentwood Central
East of England,E02004471,Brentwood South & Warley
East of England,E02004472,"Herongate, Ingrave & West Horndon"
East of England,E02004473,Benfleet North
East of England,E02004474,New Thundersley
East of England,E02004475,Benfleet Appleton
East of England,E02004476,Thundersley Glen
East of England,E02004477,Hadleigh North
East of England,E02004478,Hadleigh South
East of England,E02004479,South Benfleet
East of England,E02004480,Canvey Island Winter Gardens
East of England,E02004481,Canvey Island Newlands
East of England,E02004482,Canvey Island North West
East of England,E02004483,Canvey Island South West
East of England,E02004484,Canvey Island Leigh Beck
East of England,E02004485,Great Leighs & the Walthams
East of England,E02004486,South Broomfield
East of England,E02004487,"Melbourne Park, Chignall & Pleshey"
East of England,E02004488,Springfield North
East of England,E02004489,Boreham & Little Baddow
East of England,E02004490,Melbourne
East of England,E02004491,Springfield South & Coronation Park
East of England,E02004492,Chelmer Village
East of England,E02004493,Waterhouse Lane & Admirals Park
East of England,E02004494,Central Chelmsford
East of England,E02004495,Writtle & Highwood
East of England,E02004496,Moulsham West
East of England,E02004497,Great Baddow North & East
East of England,E02004498,Great Baddow South & West
East of England,E02004499,Moulsham East
East of England,E02004500,Danbury & Bicknacre
East of England,E02004501,Galleywood
East of England,E02004502,"Margaretting, Stock & Ramsden"
East of England,E02004503,South Woodham Ferrers North
East of England,E02004504,South Woodham Ferrers South
East of England,E02004505,Rettendon & Runwell
East of England,E02004506,"Horkesley Heath, Langham & Dedham"
East of England,E02004507,Highwoods
East of England,E02004508,West Bergholt & Wormingford
East of England,E02004509,Mile End & Braiswick
East of England,E02004512,Central Colchester
East of England,E02004513,Greenstead
East of England,E02004514,Lexden
East of England,E02004515,Marks Tey & Wakes Colne
East of England,E02004516,New Town & Hythe
East of England,E02004517,Stanway
East of England,E02004518,Abbey Field
East of England,E02004519,Prettygate & Westlands
East of England,E02004520,Shrub End
East of England,E02004521,Old Heath & Rowhedge
East of England,E02004522,Wivenhoe & University
East of England,E02004523,Monkwick
East of England,E02004524,"Layer-de-la-Haye, Abberton & Mersea East"
East of England,E02004525,Tiptree
East of England,E02004526,West Mersea
East of England,E02006922,Parson's Heath
East of England,E02004527,"North Weald, Matching & Sheering"
East of England,E02004528,"Roydon, Lower Nazeing & Epping Green"
East of England,E02004529,"Fyfield, High Ongar & Stapleford Abbotts"
East of England,E02004530,Chipping Ongar
East of England,E02004531,Epping North
East of England,E02004532,Epping South
East of England,E02004533,Waltham Abbey North
East of England,E02004534,Waltham Abbey South
East of England,E02004535,Waltham Abbey West & Outer
East of England,E02004536,Theydon Bois & Abridge
East of England,E02004537,Loughton East
East of England,E02004538,Loughton North
East of England,E02004539,Loughton South
East of England,E02004540,Loughton West
East of England,E02004541,Buckhurst Hill
East of England,E02004542,Chigwell
East of England,E02004543,Grange Hill
East of England,E02004544,Old Harlow & Newhall
East of England,E02004545,Mark Hall & Templefields
East of England,E02004546,Nettleswell
East of England,E02004547,Little Parndon & Hare Street
East of England,E02004548,Church Langley
East of England,E02004549,Bush Fair & Brays Grove
East of England,E02004550,Passmores & The High
East of England,E02004551,Potter Street
East of England,E02004552,Great Parndon & Katherines
East of England,E02004553,Staple Tye & Latton Bush
East of England,E02004554,Kingsmoor
East of England,E02004555,"Tollesbury, Tolleshunt & Goldhanger"
East of England,E02004556,"Great Totham, Wickham Bishops & Woodham"
East of England,E02004557,Heybridge
East of England,E02004558,Maldon North
East of England,E02004559,Maldon South
East of England,E02004560,"Southminster, Bradwell & Dengie Peninsula"
East of England,E02004561,"Mayland, Althorne & Cold Norton"
East of England,E02004562,Burnham-on-Crouch
East of England,E02004563,Hullbridge
East of England,E02004564,Ashingdon
East of England,E02004565,Hockley & Hawkwell West
East of England,E02004566,Rochford Town & Canewdon
East of England,E02004567,Rayleigh North East
East of England,E02004568,Rayleigh North West
East of England,E02004569,Rochford Outer & Hawkwell East
East of England,E02004570,Rayleigh South West
East of England,E02004571,Rayleigh South East
East of England,E02004572,Great Wakering & Foulness
East of England,E02004573,Harwich Town & Dovercourt
East of England,E02004574,Harwich Parkeston
East of England,E02004575,Manningtree & Mistley
East of England,E02004576,Harwich West & South
East of England,E02004577,Elmstead Market & Ardleigh
East of England,E02004578,Walton & Frinton Coastal
East of England,E02004579,Weeley & Thorpe-le-Soken
East of England,E02004580,Frinton West & Kirby
East of England,E02004581,"Alresford, Great Bentley & Thorrington"
East of England,E02004582,Clacton North
East of England,E02004583,Brightlingsea & Point Clear
East of England,E02004584,Holland-on-Sea
East of England,E02004585,Clacton Bocking's Elm
East of England,E02004586,Clacton East
East of England,E02004587,Clacton Rush Green
East of England,E02004588,Clacton Central
East of England,E02004589,Clacton West
East of England,E02004590,Jaywick & St Osyth
East of England,E02004591,"Audley End, Ashdon & the Chesterfords"
East of England,E02004592,Saffron Walden Town
East of England,E02004593,"Newport, Littlebury & Clavering"
East of England,E02004594,"Thaxted, Great Sampford & Radwinter"
East of England,E02004595,Stansted Mountfitchet & Elsenham
East of England,E02004596,"Takeley, Airport & Mountfitchet South"
East of England,E02004597,Great Dunmow
East of England,E02004598,"Flitch Green, Felsted & High Easter"
East of England,E02004599,"Hatfield Heath, Hallingburys & Rodings"
East of England,E02004843,Hoddesdon Ware Road
East of England,E02004844,Rye Park
East of England,E02004845,Hoddesdon Town
East of England,E02004846,Broxbourne Town
East of England,E02004847,Wormley & Turnford
East of England,E02004848,Flamstead End
East of England,E02004849,Goffs Oak
East of England,E02004850,Cheshunt Coopers Walk
East of England,E02004851,Rosedale
East of England,E02004852,Cheshunt Central
East of England,E02004853,Churchgate
East of England,E02004854,Cheshunt South
East of England,E02004855,Waltham Cross Town
East of England,E02004856,"Markyate, Flamstead & Gaddesden"
East of England,E02004857,Tring West & Long Marston
East of England,E02004858,Tring North
East of England,E02004859,"Tring East, Wigginton & Aldbury"
East of England,E02004860,Woodhall Farm
East of England,E02004861,Northchurch & Potten End
East of England,E02004862,Grovehill
East of England,E02004863,Highfield
East of England,E02004864,Berkhamsted Town
East of England,E02004865,Gadebridge & Old Town
East of England,E02004866,Warners End
East of England,E02004867,Berkhamsted West
East of England,E02004868,Maylands & Adeyfield
East of England,E02004869,Berkhamsted South
East of England,E02004870,Hemel Hempstead Town
East of England,E02004871,Chaulden
East of England,E02004872,Leverstock Green
East of England,E02004873,Boxmoor & Apsley
East of England,E02004874,Corner Hall
East of England,E02004875,Nash Mills & Bennetts End
East of England,E02004876,Bovingdon & Chipperfield
East of England,E02004877,Kings Langley
East of England,E02004896,Potters Bar Parkfield
East of England,E02004897,Potters Bar Furzefield
East of England,E02004898,Potters Bar Oakmere
East of England,E02004899,Shenley & South Mimms
East of England,E02004900,Radlett
East of England,E02004901,Borehamwood Cowley Hill
East of England,E02004902,Borehamwood Brookmeadow
East of England,E02004903,Bushey North
East of England,E02004904,Borehamwood Kenilworth
East of England,E02004905,Elstree & Aldenham
East of England,E02004906,Borehamwood Hillside
East of England,E02004907,Bushey Central
East of England,E02004908,Bushey Heath
East of England,E02004909,Royston North & Central
East of England,E02004910,"Royston South, West & East"
East of England,E02004911,Letchworth Grange
East of England,E02004912,Baldock
East of England,E02004913,"Great Ashby, Ashwell & Barley"
East of England,E02004914,Letchworth East
East of England,E02004915,Letchworth Wilbury
East of England,E02004916,Letchworth South West
East of England,E02004917,Letchworth South East
East of England,E02004918,Hitchin Bearton
East of England,E02004919,Hitchin Walsworth
East of England,E02004920,Hitchin Town & West
East of England,E02004921,Hitchin Highbury
East of England,E02004922,"Ickleford, Great Offley & Whitwell"
East of England,E02004923,"Knebworth, Codicote & Kimpton"
East of England,E02004956,Abbots Langley
East of England,E02004957,Leavesden & Garston Manor
East of England,E02004958,Croxley North & Sarratt
East of England,E02004959,Rickmansworth North & Loudwater
East of England,E02004960,Chorleywood
East of England,E02004961,Croxley Green
East of England,E02004962,Rickmansworth West
East of England,E02004963,Oxhey Hall & Hayling
East of England,E02004964,"Mill End, Heronsgate & Maple Cross"
East of England,E02004965,Carpenders Park
East of England,E02004966,Moor Park & Batchworth
East of England,E02004967,South Oxhey
East of England,E02004968,Woodside & Leavesden Green
East of England,E02004969,Stanborough
East of England,E02004970,Garston
East of England,E02004971,Leggatts
East of England,E02004972,Tudor
East of England,E02004973,North Watford
East of England,E02004974,Nascot Wood
East of England,E02004975,Cassiobury
East of England,E02004976,Central Watford
East of England,E02004977,West Watford
East of England,E02004978,Holywell
East of England,E02004979,Oxhey
East of England,E02005503,"Bawdeswell, Swanton Morley & North Elmham"
East of England,E02005504,"Whissonsett, Litcham & Narborough"
East of England,E02005505,Dereham North & Neatherd
East of England,E02005506,"Dereham West, Necton & Gressenhall"
East of England,E02005507,Dereham Central & Toftwood
East of England,E02005508,"Hockering, Mattishall & Cranworth"
East of England,E02005509,Swaffham
East of England,E02005510,"Shipdham, Bradenham & Saham Toney"
East of England,E02005511,Watton
East of England,E02005512,"Wayland, Ellingham & Great Hockham"
East of England,E02005513,Attleborough
East of England,E02005514,"Mundford, Weeting & Forest"
East of England,E02005515,Buckenhams & Snetterton
East of England,E02005516,"East Harling, Garboldisham & Kenninghall"
East of England,E02005517,Thetford North
East of England,E02005518,Thetford Central & East
East of England,E02005519,Thetford South
East of England,E02005520,Aylsham
East of England,E02005521,"Reepham, Cawston & Lenwade"
East of England,E02005522,"Coltishall, Buxton & Frettenham"
East of England,E02005523,"Horsford, Hainford & Hevingham"
East of England,E02005524,Spixworth & St Faiths
East of England,E02005525,Taverham
East of England,E02005526,Drayton & Thorpe Marriott
East of England,E02005527,"Wroxham, Rackheath & the Plumsteads"
East of England,E02005528,Old Catton
East of England,E02005529,Hellesdon North West
East of England,E02005530,Hellesdon South East
East of England,E02005531,Sprowston Central
East of England,E02005532,Sprowston East
East of England,E02005533,"Blofield, Lingwood & Upton"
East of England,E02005534,Thorpe St Andrew North
East of England,E02005535,Thorpe St Andrew South & Dussindale
East of England,E02005536,Brundall & Cantley
East of England,E02005537,Acle & Reedham
East of England,E02005538,Hemsby & Ormesby
East of England,E02005539,"Fleggburgh, Rollesby & Martham"
East of England,E02005540,Caister on Sea
East of England,E02005541,Yarmouth North
East of England,E02005542,Yarmouth Central & Northgate
East of England,E02005543,Yarmouth Parade
East of England,E02005544,Southtown & Cobholm
East of England,E02005545,Bradwell North
East of England,E02005546,Gorleston North
East of England,E02005547,Gorleston South & Beach
East of England,E02005548,Gorleston West
East of England,E02005549,Belton
East of England,E02005550,Bradwell South & Hopton
East of England,E02005551,Hunstanton
East of England,E02005552,"Brancaster, Burnham Market & Docking"
East of England,E02005553,Heacham & Snettisham
East of England,E02005554,"Dersingham, Sandringham & Massingham"
East of England,E02005555,Wootton
East of England,E02005556,Gaywood North Bank
East of England,E02005557,North Lynn
East of England,E02005558,Terrington & Clenchwarton
East of England,E02005559,Gaywood Chase & Old Gaywood
East of England,E02005560,Fairstead & Springwood
East of England,E02005561,"Town, South Lynn & West Lynn"
East of England,E02005562,"Grimston, Gayton & East Winch"
East of England,E02005563,"Marshland, Walpole & Walton"
East of England,E02005564,"West Winch, Marham & Shouldham"
East of England,E02005565,"Watlington, Wiggenhall & Terrington St John"
East of England,E02005566,"Upwell, Delph & Emneth"
East of England,E02005567,Downham Market
East of England,E02005568,"Stoke Ferry, Hilgay & Wimbotsham"
East of England,E02005569,"Southery, Feltwell & Hockwold"
East of England,E02005570,Sheringham
East of England,E02005571,Wells & Blakeney
East of England,E02005572,Cromer
East of England,E02005573,Holt & Weybourne
East of England,E02005574,"Overstrand, Roughton & the Runtons"
East of England,E02005575,"Beeston Regis, Saxthorpe & Aldborough"
East of England,E02005576,"Mundesley, Trunch & Bacton"
East of England,E02005577,"Melton Constable, Briston & Little Snoring"
East of England,E02005578,Walsingham & Raynham
East of England,E02005579,North Walsham
East of England,E02005580,Fakenham
East of England,E02005581,"Felmingham, Worstead & Happisburgh"
East of England,E02005582,Stalham & Sea Palling
East of England,E02005583,"Hoveton, Horning & Potter Heigham"
East of England,E02005584,Catton Grove & Airport
East of England,E02005585,Mile Cross
East of England,E02005586,New Catton & Mousehold North
East of England,E02005587,Heartsease & Pilling Park
East of England,E02005588,Bowthorpe & West Earlham
East of England,E02005589,Earlham
East of England,E02005590,City Centre West
East of England,E02005592,Earlham Road & College Road
East of England,E02005593,University & Avenues
East of England,E02005594,Town Close
East of England,E02005595,Eaton
East of England,E02005596,Lakenham & Tuckswood
East of England,E02006907,City Centre East
East of England,E02006908,Thorpe Hamlet & Mousehold South
East of England,E02005597,Costessey & Queens Hills
East of England,E02005598,"Cringleford, Little Melton & Easton"
East of England,E02005599,Hethersett
East of England,E02005600,"Hingham, Morley & Barnham Broom"
East of England,E02005601,Wymondham West
East of England,E02005602,"Trowse, Poringland & Stoke Holy Cross"
East of England,E02005603,Wymondham East & Spooner Row
East of England,E02005604,"Loddon, Surlingham & Alpington"
East of England,E02005605,"Mulbarton, Tasburgh & Saxlingham Nethergate"
East of England,E02005606,"Thurlton, Haddiscoe & Geldeston"
East of England,E02005607,"Long Stratton, Carlton Rode & Tibenham"
East of England,E02005608,"Hempnall, Ditchingham & Wortwell"
East of England,E02005609,Harleston & Pulham
East of England,E02005610,"Scole, Dickleburgh & Bressingham"
East of England,E02005611,Diss & Roydon
East of England,E02006227,"Lavenham, Bildeston & Brettenham"
East of England,E02006228,Glemsford & Lawshall
East of England,E02006229,North Sudbury & Long Melford
East of England,E02006230,Hadleigh
East of England,E02006231,"Sproughton, Washbrook & Hintlesham"
East of England,E02006232,"Acton, Great Waldingfield & Bures"
East of England,E02006233,Sudbury
East of England,E02006234,Great Cornard
East of England,E02006235,"Leavenheath, Nayland & Boxford"
East of England,E02006236,"East Bergholt, Brantham & Capel St Mary"
East of England,E02006237,Shotley Peninsula
East of England,E02006245,Whitton
East of England,E02006246,Castle Hill
East of England,E02006247,Whitehouse
East of England,E02006248,Rushmere
East of England,E02006249,Christchurch Park
East of England,E02006250,Westgate
East of England,E02006251,Ipswich Central
East of England,E02006252,California
East of England,E02006253,Broke Hall
East of England,E02006254,Gipping & Chantry Park
East of England,E02006255,Holywells
East of England,E02006256,"Maidenhall, Stoke & Port"
East of England,E02006257,Belstead Hills
East of England,E02006258,Priory Heath
East of England,E02006259,Stoke Park
East of England,E02006260,"Gainsborough, Greenwich & Orwell"
East of England,E02006261,"Eye, Palgrave & Occold"
East of England,E02006262,"Rickinghall, Walsham le Willows & Gislingham"
East of England,E02006263,"Fressingfield, Laxfield & Worlingworth"
East of England,E02006264,"Thurston, Badwell Ash & Elmswell North"
East of England,E02006265,"Stowupland, Mendlesham & Bacton"
East of England,E02006266,"Elmswell South, Haughley, Beyton & Felsham"
East of England,E02006267,"Debenham, Stonham & Coddenham"
East of England,E02006268,Stowmarket West
East of England,E02006269,"Stowmarket Outer, Finborough & Battisford"
East of England,E02006270,Stowmarket East & Needham Market North
East of England,E02006271,Needham Market South & Great Blakenham
East of England,E02006272,Claydon & Bramford
East of England,E02004924,Harpenden North
East of England,E02004925,Harpenden East
East of England,E02004926,Harpenden Town
East of England,E02004927,Wheathampstead
East of England,E02004928,Harpenden Common
East of England,E02004929,Redbourn
East of England,E02004930,Jersey Farm & Sandridge
East of England,E02004931,Marshalswick
East of England,E02004932,Townsend & New Greens
East of England,E02004933,Bernards Heath
East of England,E02004934,Clarence Park
East of England,E02004935,St Albans Central
East of England,E02004936,Longacres
East of England,E02004937,Verulam Park
East of England,E02004938,Colney Heath & Tyttenhanger
East of England,E02004939,The Camp & Cunningham
East of England,E02004940,Cottonmill & Sopwell
East of England,E02004941,London Colney
East of England,E02004942,How Wood & Park Street
East of England,E02004943,Bricket Wood & Chiswell Green
East of England,E02004980,"Woolmer Green, Oaklands & Digswell"
East of England,E02004981,Welwyn & Hatfield Garden Village
East of England,E02004982,Knightsfield
East of England,E02004983,Haldens
East of England,E02004984,Panshanger
East of England,E02004985,Welwyn Garden City Central & Handside
East of England,E02004986,Peartree
East of England,E02004987,Hall Grove
East of England,E02004988,Hollybush
East of England,E02004989,Hatfield North & West
East of England,E02004990,Hatfield East
East of England,E02004991,Hatfield Town
East of England,E02004992,Hatfield South
East of England,E02004993,Welham Green
East of England,E02004994,Brookmans Park
East of England,E02004995,Cuffley & Northaw
East of England,E02004878,Buntingford & Great Hormead
East of England,E02004879,"Datchworth, Walkern & Cottered"
East of England,E02004880,Bishop's Stortford West & Braughing
East of England,E02004881,Bishop's Stortford North
East of England,E02004882,Bishop's Stortford East
East of England,E02004883,Puckeridge & Thundridge
East of England,E02004884,Bishop's Stortford Central
East of England,E02004885,Bishop's Stortford South
East of England,E02004886,Much Hadham & Hunsdon
East of England,E02004887,"Watton-at-Stone, Bramfield & Bayford"
East of England,E02004888,Sawbridgeworth
East of England,E02004889,Ware East
East of England,E02004890,Ware West
East of England,E02004891,Hertford Bengeo
East of England,E02004892,Hertford West
East of England,E02004893,Hertford Foxholes
East of England,E02004894,Hertford South
East of England,E02004895,Hertford Heath & Stanstead St Margarets
East of England,E02004944,St Nicholas
East of England,E02004945,Woodfield & Old Town
East of England,E02004946,Martins Wood
East of England,E02004947,Chells North
East of England,E02004948,Symonds Green
East of England,E02004949,Pin Green
East of England,E02004950,Chells South
East of England,E02004951,Bedwell
East of England,E02004952,Poplars
East of England,E02004953,Shephall
East of England,E02004954,Roebuck
East of England,E02004955,Broadwater & Bragbury End
East of England,E02006287,"Yoxford, Wenhaston & Walberswick"
East of England,E02006288,Framlingham & Hacheston
East of England,E02006289,Saxmundham & Coldfair Green
East of England,E02006290,Leiston & Aldeburgh
East of England,E02006291,Wickham Market & Melton
East of England,E02006292,"Westerfield, Grundisburgh & Bredfield"
East of England,E02006293,"Rendlesham, Orford & Hollesley"
East of England,E02006294,Woodbridge
East of England,E02006295,Kesgrave West & Rushmere
East of England,E02006296,Kesgrave East & Martlesham
East of England,E02006297,"Bixley, Warren Heath & Nacton"
East of England,E02006298,Trimley & Kirton
East of England,E02006299,Felixstowe East
East of England,E02006300,Felixstowe West
East of England,E02006301,Felixstowe Seafront
East of England,E02006302,"Gunton East, Corton & Somerleyton"
East of England,E02006303,Gunton West
East of England,E02006304,Oulton
East of England,E02006305,Lowestoft Central
East of England,E02006306,Normanston & Oulton Broad East
East of England,E02006307,Oulton Broad West
East of England,E02006308,Lowestoft Harbour & Kirkley
East of England,E02006309,Pakefield North
East of England,E02006310,Carlton Colville
East of England,E02006311,Beccles
East of England,E02006312,Worlingham & Barnby
East of England,E02006313,Pakefield South & Kessingland
East of England,E02006314,Bungay & the Saints
East of England,E02006315,"Southwold, Reydon & Wrentham"
East of England,E02006316,Halesworth & Wangford
East of England,E02006238,Brandon
East of England,E02006239,Lakenheath
East of England,E02006240,"Beck Row, Eriswell & Barton Mills"
East of England,E02006241,Mildenhall
East of England,E02006242,"Red Lodge, Icklingham & Moulton"
East of England,E02006243,"North Newmarket, Studlands & Exning"
East of England,E02006273,Stanton & Barningham
East of England,E02006274,"Ixworth, Honington & Barnham"
East of England,E02006275,Howard Estate & Northgate
East of England,E02006276,"Fornham, Great Barton & Rougham"
East of England,E02006277,Moreton Hall
East of England,E02006278,Bury St Edmunds Central
East of England,E02006279,Bury St Edmunds West
East of England,E02006280,"Barrow, Chedburgh & Sicklesmere"
East of England,E02006281,Eastgate & Southgate
East of England,E02006282,"Clare, Cavendish & Wickhambrook"
East of England,E02006283,"Kedington, Hundon & Withersfield"
East of England,E02006284,Haverhill North
East of England,E02006285,Haverhill West
East of England,E02006286,Haverhill East & South
East of England,E02006826,South Newmarket & Racecourse